Stepan Borisov, man
Galina Sidorova, woman
Stepan Borisov, spouse, Galina Sidorova
Stepan Borisov, father, Robert Borisov
Stepan Borisov, father, Stanislav Borison
Stepan Borisov, father, Renat Borisov
Galina Sidorova, mother, Robert Borisov
Galina Sidorova, mother, Stanislav Borisov
Galina Sidorova, mother, Renat Borisov
Robert Borisov, man
Stanislav Borisov, man
Renat Borisov, man
Yula Petrova, woman
Robert Borisov, spouse, Yula Petrova
Robert Borisov, father, Gennadiy
Gennadiy, man
Yula Petrova, mother, Yakov Borisov
Yula Petrova, mother, Mariya Borisova
Yula Petrova, mother, Anatoliy Borisov
Yakov Borisov, man
Mariya Borisova, woman
Anatoliy Borisov, man
Olga Borisova, woman
Stanislav Borisov, spouse, Olga Borisova
Stanislav Borisov, father, Svetlana Borisova
Svetlana Borisova, woman
Olga Borisova, mother, Svetlana Borisova
Margarita Titova, woman
Renat Borisov, spouse, Margarita Titova
